iteration	mode	research_topic	options_active	options_eliminated	top_option	top_score	top_score_prev	reviewer_verdict	key_insight
0	wider	AU SMB AI market landscape + competitor teardowns	5	0	Productized Workshop Ladder	4.36	n/a	pending	37% of AU SMBs "adopted" AI but only 5% fully enabled — the real market is frustrated early adopters, not skeptics
1	wider	Government grants (ASBAS) + cohort/group models	7	0	Productized Workshop Ladder	4.36	4.36	pending	Government grants mostly inaccessible to solo operator directly; best angle is subcontracting to ASBAS grantees; cohort model offers 8x revenue multiplication
2	wider	Speaking engagements + online course viability	8	1	Productized Workshop Ladder	4.36	4.36	pending	Industry association speaking (not AI conferences) is high-ROI for SMB acquisition; online course deferred — requires content audience first
3	wider	Fractional AI Officer + Microsoft partner + contrarian bet	10	1	Productized Workshop Ladder	4.36	4.36	pending	Fractional AI Officer is the strategic evolution of DFY — 3 clients × $6K/month = $18K MRR; contrarian budget taster captures skeptic segment as funnel entry
4	deeper+wider	Option A WWHTBT stress test + platform partner addition	11	1	Productized Workshop Ladder	4.36	4.36	pending	All 4 WWHTBT conditions for Option A validated with mitigations; options A+K+H+B+C+J+D form a complete customer acquisition and value escalation funnel
5	deeper	Reviewer challenges response + owner constraints integrated	13	1	Productized Workshop Ladder	4.36	4.36	challenged-addressed	Stealth constraint eliminates LinkedIn (primary awareness channel); forces higher-quality relationship-driven acquisition; n8n/Make.com replaced by Anthropic Claude Partner Network
6	deeper	Strategic fork WWHTBT: Path A (acquisition first) vs Path B (productize first)	14	1	Productized Workshop Ladder	4.36	4.36	pending	Path B is the prerequisite for Path A — productization takes 10 hours and makes every acquisition channel permanently more efficient; false dilemma resolved
7	deeper	Deep pricing analysis — AU market benchmarks + value-based rationale	14	1	Productized Workshop Ladder	4.36	4.36	pending	DecisionBetter is priced 45-80% below AI Avenue for comparable customised workshops; prices are under-market for entry; 20-30% price increase justified after 10+ reviews
8	deeper+wider	Stealth-compatible acquisition channels + Option O (direct outreach) added	15	1	Productized Workshop Ladder	4.36	4.36	pending	Stealth constraint reveals better acquisition stack: referral (40-60% conversion) beats content marketing (1-2%); direct outreach + private speaking + Anthropic directory replace LinkedIn
9	wider+portfolio	AI-Delivered Training Platform (Option M) + first full portfolio view	16	1	Productized Workshop Ladder	4.36	4.36	pending	Phase 1 workshops = Phase 3 curriculum IP; three-phase strategy (foundation → recurring → platform) is the coherent long-term architecture; Option M is the ultimate strategic bet
